0.9826,Edit Distance
0.9805,Invert Binary Tree
0.9803,Walls and Gates
0.9796,Trapping Rain Water
0.9795,Meeting Rooms II
0.9794,Longest Increasing Path in a Matrix
0.9791,Find Leaves of Binary Tree
0.9786,Number of Islands II
0.9777,Max Consecutive Ones II
0.9776,Implement Trie (Prefix Tree)
0.9768,Satisfiability of Equality Equations
0.9761,Find Median from Data Stream
0.976,Symmetric Tree
0.9759,House Robber III
0.9754,Longest Substring with At Most Two Distinct Characters
0.9748,Construct Binary Tree from Inorder and Postorder Traversal
0.9747,All Nodes Distance K in Binary Tree
0.9742,Longest Increasing Subsequence
0.9737,Minimum Number of Refueling Stops
0.9733,Subarrays with K Different Integers
0.9732,Subsets
0.9726,Maximal Square
0.9724,Maximum Frequency Stack
0.9717,Minimum Cost For Tickets
0.9714,Reverse Linked List
0.9711,Dungeon Game
0.9705,Binary Tree Level Order Traversal
0.9704,Largest Rectangle in Histogram
0.9701,Max Consecutive Ones III
0.9697,Subarray Sum Equals K
0.9691,Minimum Path Sum
0.9691,Construct Binary Tree from Preorder and Inorder Traversal
0.969,Delete Nodes And Return Forest
0.9688,Search a 2D Matrix II
0.9688,Minimum Swaps to Group All 1's Together
0.9688,Kill Process
0.9688,Daily Temperatures
0.9686,Shortest Subarray with Sum at Least K
0.9682,Partition Equal Subset Sum
0.968,Delete Operation for Two Strings
0.9674,Smallest Range Covering Elements from K Lists
0.9671,House Robber
0.967,Permutations
0.9664,Combination Sum
0.9656,Check Completeness of a Binary Tree
0.9652,Two Sum
0.9652,Burst Balloons
0.9646,Validate Stack Sequences
0.9641,Trapping Rain Water II
0.9633,Maximal Rectangle
0.963,Kth Smallest Element in a BST
0.9622,Same Tree
0.9619,Number of Islands
0.9618,Graph Valid Tree
0.9616,Climbing Stairs
0.9616,Best Time to Buy and Sell Stock with Transaction Fee
0.9615,Maximum Subarray
0.9612,Range Addition
0.9611,LRU Cache
0.9609,Longest Substring with At Most K Distinct Characters
0.9608,Move Zeroes
0.9607,House Robber II
0.9607,Binary Tree Pruning
0.9606,Delete Columns to Make Sorted III
0.9603,Single Number
0.96,Number of Connected Components in an Undirected Graph
0.9595,Coin Change
0.9594,Path Sum II
0.9591,Uncrossed Lines
0.9591,Distribute Coins in Binary Tree
0.959,Capacity To Ship Packages Within D Days
0.9585,Making A Large Island
0.9583,Valid Parenthesis String
0.958,Unique Binary Search Trees
0.9578,Best Time to Buy and Sell Stock with Cooldown
0.9577,Subtree of Another Tree
0.9575,Palindrome Partitioning II
0.9574,Largest Sum of Averages
0.9573,Find K-th Smallest Pair Distance
0.9571,Maximum Width Ramp
0.957,Paint House II
0.9566,Maximum Depth of Binary Tree
0.9564,Plus One Linked List
0.9564,Cheapest Flights Within K Stops
0.9561,Palindrome Partitioning
0.956,Sum Root to Leaf Numbers
0.9553,Permutations II
0.9551,Shortest Path to Get All Keys
0.9545,Recover a Tree From Preorder Traversal
0.9545,Binary Tree Cameras
0.9544,Binary Tree Inorder Traversal
0.9539,Score of Parentheses
0.9532,Remove Invalid Parentheses
0.9532,Flip String to Monotone Increasing
0.953,Bus Routes
0.9526,Maximum Size Subarray Sum Equals k
0.9524,Non-overlapping Intervals
0.9524,Longest Valid Parentheses
0.952,N-Queens
0.9518,Best Time to Buy and Sell Stock
0.9517,Best Time to Buy and Sell Stock III
0.9516,Target Sum
0.9514,Valid Parentheses
0.9514,Shortest Unsorted Continuous Subarray
0.9513,Sliding Puzzle
0.9513,Coin Change 2
0.9511,Course Schedule
0.9509,Maximum Product Subarray
0.9504,Longest Mountain in Array
0.9502,Binary Tree Right Side View
0.9501,Number of Submatrices That Sum to Target
0.9499,Maximum Length of Repeated Subarray
0.9499,Count of Smaller Numbers After Self
0.9498,Max Chunks To Make Sorted II
0.9491,The Maze II
0.9491,Longest Consecutive Sequence
0.949,Last Stone Weight II
0.9488,Closest Binary Search Tree Value II
0.9483,Length of Longest Fibonacci Subsequence
0.9475,Serialize and Deserialize Binary Tree
0.9474,Russian Doll Envelopes
0.9473,Subarray Product Less Than K
0.9469,Palindromic Substrings
0.9466,Word Search
0.9466,The Skyline Problem
0.9464,Letter Tile Possibilities
0.9463,Possible Bipartition
0.9459,Minimum Number of Arrows to Burst Balloons
0.9458,Find First and Last Position of Element in Sorted Array
0.9458,Binary Tree Preorder Traversal
0.9456,Subsets II
0.9456,Factor Combinations
0.9455,Sort List
0.9454,Different Ways to Add Parentheses
0.9452,Largest Divisible Subset
0.9451,Combination Sum III
0.945,Word Break
0.9448,Construct Binary Search Tree from Preorder Traversal
0.9446,Best Sightseeing Pair
0.9442,Partition Labels
0.9441,Combination Sum II
0.9437,Interval List Intersections
0.9437,Binary Tree Postorder Traversal
0.9436,Path Sum III
0.9434,Minimum Increment to Make Array Unique
0.9434,Max Area of Island
0.9433,Shortest Common Supersequence 
0.9432,Decode String
0.9429,Rearrange String k Distance Apart
0.9428,Longest Substring Without Repeating Characters
0.9428,Distinct Subsequences
0.9425,Maximum Sum of Two Non-Overlapping Subarrays
0.9418,Permutation in String
0.9417,Reorganize String
0.9417,Permutation in String
0.9412,Sum of Distances in Tree
0.9412,Serialize and Deserialize N-ary Tree
0.9412,Project Employees III
0.9412,Brick Wall
0.941,Flip Equivalent Binary Trees
0.941,Contiguous Array
0.9403,Recover Binary Search Tree
0.9403,Minimum Window Subsequence
0.9399,Split Array Largest Sum
0.9398,Maximum Sum of 3 Non-Overlapping Subarrays
0.9393,Jump Game II
0.9392,Interleaving String
0.9388,Binary Subarrays With Sum
0.9384,Shortest Distance from All Buildings
0.9383,Sliding Window Maximum
0.9383,Distinct Subsequences II
0.938,Combinations
0.938,Binary Tree Zigzag Level Order Traversal
0.9378,Word Search II
0.9378,Generate Parentheses
0.9378,Course Schedule III
0.9376,Filling Bookcase Shelves
0.9367,Car Pooling
0.9365,Campus Bikes II
0.9364,Minimum Height Trees
0.9363,Robot Room Cleaner
0.9361,Shortest Path with Alternating Colors
0.9359,Diameter of Binary Tree
0.9358,Maximum Depth of N-ary Tree
0.9356,Maximum Depth of N-ary Tree
0.9353,Delete Node in a BST
0.9352,Smallest Sufficient Team
0.9352,Minimum Size Subarray Sum
0.935,Maximum Difference Between Node and Ancestor
0.9349,Convert Sorted List to Binary Search Tree
0.9348,Print FooBar Alternately
0.9348,Minimum Swaps To Make Sequences Increasing
0.9346,Open the Lock
0.9343,Top K Frequent Elements
0.9342,Merge k Sorted Lists
0.934,Partition to K Equal Sum Subsets
0.9339,Tallest Billboard
0.9339,Lowest Common Ancestor of a Binary Tree
0.9338,Kth Smallest Number in Multiplication Table
0.9336,Remove Linked List Elements
0.9336,Group Anagrams
0.9335,Verify Preorder Serialization of a Binary Tree
0.9335,Add and Search Word - Data structure design
0.9334,Sentence Similarity II
0.9334,K-th Smallest Prime Fraction
0.9333,Next Greater Element II
0.9331,Remove K Digits
0.933,Kth Smallest Element in a Sorted Matrix
0.9329,Leaf-Similar Trees
0.9327,Construct Binary Tree from Preorder and Postorder Traversal
0.9327,Binary Tree Longest Consecutive Sequence II
0.9326,Minimum Window Substring
0.9326,Minimum ASCII Delete Sum for Two Strings
0.9325,Maximum Sum Circular Subarray
0.9322,Predict the Winner
0.9321,Wildcard Matching
0.932,Convert BST to Greater Tree
0.9319,Split BST
0.9311,132 Pattern
0.9303,2 Keys Keyboard
0.9301,Merge Two Binary Trees
0.9301,Freedom Trail
0.9297,Sudoku Solver
0.9295,Best Time to Buy and Sell Stock IV
0.9295,Backspace String Compare
0.9294,Number of Distinct Islands
0.9294,Last Stone Weight
0.9289,Unique Paths
0.9286,Game Play Analysis III
0.9285,Ugly Number II
0.9284,Swap For Longest Repeated Character Substring
0.9283,Valid Palindrome II
0.9276,Course Schedule II
0.9274,Reverse Linked List II
0.9271,Duplicate Emails
0.9269,Number of Longest Increasing Subsequence
0.9267,Parsing A Boolean Expression
0.926,Counting Bits
0.926,3Sum Closest
0.9258,Rotting Oranges
0.9257,Inorder Successor in BST
0.9247,Encode String with Shortest Length
0.9245,Lowest Common Ancestor of a Binary Search Tree
0.9244,Binary Tree Maximum Path Sum
0.9243,Remove Nth Node From End of List
0.924,Sum of Subarray Minimums
0.9239,Reorder List
0.9238,Total Hamming Distance
0.9237,Longest Arithmetic Sequence
0.9234,My Calendar I
0.9234,First Unique Character in a String
0.9232,Middle of the Linked List
0.923,Merge Intervals
0.9229,Island Perimeter
0.9228,Minimum Absolute Difference in BST
0.9227,Insert Delete GetRandom O(1)
0.9222,Binary Tree Paths
0.922,Serialize and Deserialize BST
0.9214,Word Pattern II
0.9211,Champagne Tower
0.9208,Find All Anagrams in a String
0.9203,Linked List Cycle II
0.9202,Shortest Bridge
0.9194,Evaluate Division
0.9186,Meeting Rooms
0.9185,Single Element in a Sorted Array
0.9183,Kth Largest Element in an Array
0.9177,Tree Node
0.9174,Design Tic-Tac-Toe
0.9172,Zigzag Iterator
0.9169,Closest Binary Search Tree Value
0.9168,Best Meeting Point
0.9167,Perfect Squares
0.9167,Active Businesses
0.9158,Friend Circles
0.9155,Product of Array Except Self
0.9154,Max Sum of Rectangle No Larger Than K
0.9153,Distant Barcodes
0.9151,Two Sum Less Than K
0.9151,Majority Element
0.9151,Cherry Pickup
0.9149,Advantage Shuffle
0.9148,Maximum Swap
0.9147,Find K Pairs with Smallest Sums
0.9146,4Sum II
0.9142,Number of Matching Subsequences
0.9142,Minimum Cost Tree From Leaf Values
0.9141,Populating Next Right Pointers in Each Node
0.914,Unique Binary Search Trees II
0.9136,Single Number III
0.9135,Longest Repeating Character Replacement
0.9134,Subarray Sums Divisible by K
0.9129,Range Sum Query - Mutable
0.9128,Consecutive Available Seats
0.912,Equal Tree Partition
0.9119,Longest Common Subsequence
0.9118,Smallest Rotation with Highest Score
0.9118,Remove Duplicates from Sorted List II
0.9118,Keys and Rooms
0.9116,Employee Free Time
0.9115,Monotonic Array
0.9114,Balanced Binary Tree
0.9113,Swap Nodes in Pairs
0.9112,Longest Palindromic Substring
0.911,Minimum Add to Make Parentheses Valid
0.9109,Missing Element in Sorted Array
0.9109,Customer Placing the Largest Number of Orders
0.9108,Sort Colors
0.9108,Partition Array into Disjoint Intervals
0.9108,Delete and Earn
0.9104,All Paths From Source to Target
0.9103,Word Squares
0.9103,Parallel Courses
0.9102,Next Greater Node In Linked List
0.9101,Maximum Product of Word Lengths
0.9101,Find Largest Value in Each Tree Row
0.9101,Cousins in Binary Tree
0.9098,Wiggle Subsequence
0.9095,Boats to Save People
0.9091,Highest Grade For Each Student
0.909,Rotate Image
0.909,3Sum Smaller
0.9089,Range Module
0.9087,Hamming Distance
0.9083,Minimum Moves to Equal Array Elements II
0.9083,Flip Game II
0.9082,Number of Squareful Arrays
0.9081,Design Search Autocomplete System
0.908,Intersection of Two Linked Lists
0.9071,Shortest Distance to a Character
0.907,Sort Characters By Frequency
0.907,Find All Numbers Disappeared in an Array
0.9065,Paint House
0.9063,Longest Substring with At Least K Repeating Characters
0.9054,Jump Game
0.9052,Pairs of Songs With Total Durations Divisible by 60
0.9036,Rotate String
0.9035,Maximum Length of Pair Chain
0.9034,Top K Frequent Words
0.903,Encode N-ary Tree to Binary Tree
0.9027,Find All Duplicates in an Array
0.9026,Longest String Chain
0.9023,Remove Duplicate Letters
0.902,Relative Sort Array
0.9015,Count Student Number in Departments
0.9014,Relative Sort Array
0.9014,All Possible Full Binary Trees
0.9012,IPO
0.9011,Video Stitching
0.901,The Maze
0.9009,Connecting Cities With Minimum Cost
0.9008,Minimum Cost to Merge Stones
0.9003,Increasing Triplet Subsequence
0.9,Sales Analysis III
0.9,Game Play Analysis II
0.8996,Remove Duplicates from Sorted List
0.8991,Remove Boxes
0.8985,Shortest Way to Form String
0.8985,Managers with at Least 5 Direct Reports
0.8982,Convert Sorted Array to Binary Search Tree
0.8973,Insert Delete GetRandom O(1) - Duplicates allowed
0.8972,Toeplitz Matrix
0.8972,Pascal's Triangle
0.8972,Number of Subarrays with Bounded Maximum
0.8969,K Closest Points to Origin
0.8968,Find and Replace Pattern
0.8967,Swim in Rising Water
0.8963,Min Stack
0.896,Lexicographically Smallest Equivalent String
0.896,Customers Who Bought All Products
0.8959,Reverse Only Letters
0.8959,Design Hit Counter
0.8952,Verify Preorder Sequence in Binary Search Tree
0.8948,01 Matrix
0.8947,Sort Array By Parity II
0.8947,Shortest Word Distance
0.8936,3Sum
0.8932,Stickers to Spell Word
0.8929,Stickers to Spell Word
0.8929,Path With Maximum Minimum Value
0.8929,Maximum Average Subtree
0.8928,Set Intersection Size At Least Two
0.8925,Reverse Words in a String III
0.892,Largest BST Subtree
0.8919,Partition Array for Maximum Sum
0.8916,Find the Duplicate Number
0.8915,Trim a Binary Search Tree
0.8914,Super Egg Drop
0.8912,Minimum Cost to Hire K Workers
0.891,Grumpy Bookstore Owner
0.8907,Queue Reconstruction by Height
0.8905,Flip Columns For Maximum Number of Equal Rows
0.8895,Longest Palindrome
0.8893,Triangle
0.8893,Remove All Adjacent Duplicates In String
0.8893,Combination Sum IV
0.8885,Koko Eating Bananas
0.8883,Squares of a Sorted Array
0.8881,LFU Cache
0.888,Sort Array By Parity
0.8877,Wiggle Sort
0.8877,Sliding Window Median
0.8876,Basic Calculator
0.8858,Generalized Abbreviation
0.8857,Search in a Sorted Array of Unknown Size
0.8857,Linked List Cycle
0.8849,Employees Earning More Than Their Managers
0.8849,Convert Binary Search Tree to Sorted Doubly Linked List
0.8846,Container With Most Water
0.8844,Sum of Left Leaves
0.8844,Count Different Palindromic Subsequences
0.8843,Search a 2D Matrix
0.8842,Valid Triangle Number
0.8841,Add Bold Tag in String
0.8838,Search in Rotated Sorted Array
0.8838,Majority Element II
0.8832,Minimum Falling Path Sum
0.883,Maximum Average Subarray II
0.883,Binary Search
0.8826,Two Sum IV - Input is a BST
0.8826,Repeated Substring Pattern
0.882,Shortest Path Visiting All Nodes
0.8817,Push Dominoes
0.8812,Maximum Binary Tree
0.8811,Frog Jump
0.8808,Moving Average from Data Stream
0.8805,Letter Case Permutation
0.8797,N-ary Tree Level Order Traversal
0.8793,Shortest Palindrome
0.879,Two City Scheduling
0.8786,Flatten Binary Tree to Linked List
0.8782,Is Graph Bipartite?
0.878,K-Similar Strings
0.8772,Matchsticks to Square
0.8764,Largest Unique Number
0.8762,Letter Combinations of a Phone Number
0.8762,Largest Number
0.876,Insert into a Binary Search Tree
0.8752,Find K-Length Substrings With No Repeated Characters
0.875,Game Play Analysis I
0.8749,Search Insert Position
0.8748,Insert Interval
0.8747,Rectangle Area II
0.8743,Count Complete Tree Nodes
0.8741,Race Car
0.8732,Asteroid Collision
0.873,Word Pattern
0.8728,Longest Palindromic Subsequence
0.8717,Brace Expansion
0.871,Add Two Numbers II
0.8709,Number Complement
0.8709,Find Common Characters
0.8705,Median of Two Sorted Arrays
0.8704,Unique Letter String
0.8704,Couples Holding Hands
0.87,Find the Celebrity
0.8695,N-ary Tree Postorder Traversal
0.8693,Number of Dice Rolls With Target Sum
0.8686,Number Of Corner Rectangles
0.8685,Array Nesting
0.8683,Expression Add Operators
0.8679,Long Pressed Name
0.8675,Merge Two Sorted Lists
0.8669,Combine Two Tables
0.8667,Palindrome Pairs
0.8667,Customers Who Never Order
0.8662,Palindrome Linked List
0.8655,Binary Trees With Factors
0.8653,Bitwise AND of Numbers Range
0.8648,Profitable Schemes
0.8647,Longest Harmonious Subsequence
0.8644,Number of Enclaves
0.864,Minimum Genetic Mutation
0.8632,Strange Printer
0.8628,Valid Anagram
0.8627,Validate Binary Search Tree
0.8621,Longest Chunked Palindrome Decomposition
0.8602,N-ary Tree Preorder Traversal
0.8599,Largest Perimeter Triangle
0.8597,Populating Next Right Pointers in Each Node II
0.8594,Find Minimum in Rotated Sorted Array
0.8593,Minimum Score Triangulation of Polygon
0.859,Number of Music Playlists
0.859,Average of Levels in Binary Tree
0.8585,Palindrome Permutation II
0.8577,Valid Permutations for DI Sequence
0.8571,User Activity for the Past 30 Days I
0.8568,Reshape the Matrix
0.8567,Maximum Vacation Days
0.8563,Shortest Distance in a Line
0.8549,Rank Scores
0.8547,Longest Repeating Substring
0.8547,Find the Town Judge
0.8547,All O`one Data Structure
0.8541,Arithmetic Slices II - Subsequence
0.854,Corporate Flight Bookings
0.8537,Print in Order
0.8529,Hand of Straights
0.8527,Reverse Pairs
0.8521,Lexicographical Numbers
0.8514,Binary Search Tree to Greater Sum Tree
0.8507,Unique Paths II
0.8506,Minimize Max Distance to Gas Station
0.8505,Binary Search Tree Iterator
0.8503,Count of Range Sum
0.8496,Find in Mountain Array
0.8493,Maximum Distance in Arrays
0.8491,Find Eventual Safe States
0.8489,Maximize Distance to Closest Person
0.8478,My Calendar II
0.8476,Basic Calculator II
0.8473,4 Keys Keyboard
0.8468,Time Based Key-Value Store
0.8463,The Earliest Moment When Everyone Become Friends
0.8454,Design In-Memory File System
0.8452,Task Scheduler
0.8447,Range Sum Query 2D - Mutable
0.8445,Spiral Matrix II
0.8444,Ternary Expression Parser
0.8418,Set Matrix Zeroes
0.8391,Flatten a Multilevel Doubly Linked List
0.8384,Find Bottom Left Tree Value
0.8382,Unique Substrings in Wraparound String
0.8375,Univalued Binary Tree
0.8375,Design HashMap
0.8372,Word Ladder II
0.8359,Can I Win
0.8353,Maximum Average Subarray I
0.835,Minimum Number of K Consecutive Bit Flips
0.8348,Pacific Atlantic Water Flow
0.8347,Max Chunks To Make Sorted
0.8344,Jewels and Stones
0.8341,Most Profit Assigning Work
0.8337,Regular Expression Matching
0.8333,Article Views II
0.8332,Monotone Increasing Digits
0.833,Unique Paths III
0.8329,Implement Queue using Stacks
0.8312,Count Binary Substrings
0.8306,Group Shifted Strings
0.8304,Max Stack
0.8301,Game of Life
0.8298,Maximize Sum Of Array After K Negations
0.8291,Patching Array
0.829,Lonely Pixel I
0.829,Binary Tree Level Order Traversal II
0.8288,Add Binary
0.8281,Falling Squares
0.8277,Squirrel Simulation
0.8261,4Sum
0.8257,Number of Valid Subarrays
0.8255,Binary Tree Vertical Order Traversal
0.8252,Optimal Account Balancing
0.8244,Bomb Enemy
0.8241,Excel Sheet Column Title
0.824,Range Sum of BST
0.8236,Find Duplicate Subtrees
0.8231,Increasing Subsequences
0.8228,Arithmetic Slices
0.8225,Excel Sheet Column Number
0.8218,Reverse Nodes in k-Group
0.8216,Lemonade Change
0.8207,Reveal Cards In Increasing Order
0.8199,Alien Dictionary
0.8198,Map Sum Pairs
0.8195,Partition Array Into Three Parts With Equal Sum
0.8191,Maximum Width of Binary Tree
0.8187,Design Circular Queue
0.8177,Most Frequent Subtree Sum
0.8172,Maximum XOR of Two Numbers in an Array
0.8165,K-th Smallest in Lexicographical Order
0.8163,Student Attendance Record II
0.8162,Array of Doubled Pairs
0.8143,Palindrome Permutation
0.8142,Find Permutation
0.8141,Rectangle Overlap
0.814,Minimum Area Rectangle
0.8135,Reaching Points
0.813,Longest Continuous Increasing Subsequence
0.813,Find K Closest Elements
0.8129,3Sum With Multiplicity
0.8128,Find K Closest Elements
0.8114,Smallest Subsequence of Distinct Characters
0.8108,Assign Cookies
0.8102,Shifting Letters
0.8098,Flipping an Image
0.8096,Add to Array-Form of Integer
0.8091,Split Linked List in Parts
0.8086,Shortest Path in Binary Matrix
0.8083,Non-decreasing Array
0.8079,Perfect Rectangle
0.8076,One Edit Distance
0.8075,Decoded String at Index
0.8049,Is Subsequence
0.8041,N-th Tribonacci Number
0.8036,Candy
0.8035,Knight Probability in Chessboard
0.8032,Split Array With Same Average
0.803,Campus Bikes
0.8029,Min Cost Climbing Stairs
0.8017,Regions Cut By Slashes
0.8015,Product Sales Analysis I
0.8003,Online Stock Span
0.8001,Valid Perfect Square
0.8,Inorder Successor in BST II
0.8,24 Game
0.7983,Department Top Three Salaries
0.7981,Stone Game II
0.7974,Online Majority Element In Subarray
0.7972,Word Break II
0.7971,Bitwise ORs of Subarrays
0.7965,Flood Fill
0.7954,Largest Plus Sign
0.7953,Nested List Weight Sum
0.7952,Distribute Candies to People
0.7949,Replace Words
0.7949,Count Univalue Subtrees
0.7944,Binary Number with Alternating Bits
0.7931,Triangle Judgement
0.7927,Complement of Base 10 Integer
0.7925,Smallest String Starting From Leaf
0.7912,Delete Columns to Make Sorted II
0.7905,Add Two Numbers
0.7894,Ones and Zeroes
0.7887,Shortest Distance in a Plane
0.7873,Find Pivot Index
0.7869,Random Pick with Blacklist
0.7864,Snapshot Array
0.7857,Longest Univalue Path
0.7849,Maximum Gap
0.7846,Binary Tree Longest Consecutive Sequence
0.7839,Concatenated Words
0.7837,Nested List Weight Sum II
0.7832,Cat and Mouse
0.7829,Beautiful Arrangement
0.7825,Happy Number
0.7823,Network Delay Time
0.7823,Armstrong Number
0.7822,Copy List with Random Pointer
0.7808,Permutation Sequence
0.7803,Construct Binary Tree from String
0.7798,Complete Binary Tree Inserter
0.7787,Max Increase to Keep City Skyline
0.7786,Department Highest Salary
0.7786,Consecutive Numbers
0.7784,Max Increase to Keep City Skyline
0.7767,X of a Kind in a Deck of Cards
0.7758,Score After Flipping Matrix
0.7756,Implement Magic Dictionary
0.7751,Range Sum Query 2D - Immutable
0.7747,Fair Candy Swap
0.7742,Redundant Connection
0.7739,Longest Well-Performing Interval
0.7735,Partition List
0.7729,Positions of Large Groups
0.7727,Accounts Merge
0.7724,Accounts Merge
0.7723,Odd Even Linked List
0.7717,Super Ugly Number
0.7717,Search in a Binary Search Tree
0.7716,Convert a Number to Hexadecimal
0.7715,Unique Email Addresses
0.7708,Design Twitter
0.7707,Uncommon Words from Two Sentences
0.7679,Numbers At Most N Given Digit Set
0.7675,Integer Break
0.7663,Power of Two
0.7649,Most Stones Removed with Same Row or Column
0.7647,Binary Tree Coloring Game
0.764,Non-negative Integers without Consecutive Ones
0.7623,Isomorphic Strings
0.7623,Design Circular Deque
0.7622,Closest Leaf in a Binary Tree
0.7617,Single Number II
0.7615,Minimum Distance Between BST Nodes
0.7607,Valid Mountain Array
0.7605,Short Encoding of Words
0.7603,Reverse Words in a String II
0.7598,Design HashSet
0.7584,Smallest Rectangle Enclosing Black Pixels
0.7571,Longest Line of Consecutive One in Matrix
0.756,Sales Person
0.7556,Smallest Subtree with all the Deepest Nodes
0.7556,Paint Fence
0.7546,Largest Component Size by Common Factor
0.7538,Check If a Number Is Majority Element in a Sorted Array
0.7537,Digit Count in Range
0.7533,Sort Transformed Array
0.752,Find Minimum in Rotated Sorted Array II
0.7518,Word Subsets
0.7517,Linked List Random Node
0.7493,Odd Even Jump
0.7492,String Transforms Into Another String
0.7489,Next Permutation
0.7486,Bricks Falling When Hit
0.7482,Find the Shortest Superstring
0.748,First Missing Positive
0.747,Minimize Malware Spread II
0.7453,Custom Sort String
0.7436,Output Contest Matches
0.7419,Path Sum
0.7402,Basic Calculator III
0.7397,Logger Rate Limiter
0.7385,Redundant Connection II
0.7373,Broken Calculator
0.7357,Knight Dialer
0.7348,Pascal's Triangle II
0.7344,Stamping The Sequence
0.7343,Next Greater Element III
0.7342,Stream of Characters
0.7341,All Paths from Source Lead to Destination
0.7332,Spiral Matrix
0.733,Reverse Bits
0.7328,Building H2O
0.7322,The Maze III
0.7307,Similar String Groups
0.7302,Data Stream as Disjoint Intervals
0.7292,K Inverse Pairs Array
0.729,Add Strings
0.7284,All Paths from Source Lead to Destination
0.7265,Minimum Time Difference
0.7262,Rotate Function
0.7247,Count Primes
0.7246,Split Array into Fibonacci Sequence
0.7244,Intersection of Two Arrays II
0.7237,Gas Station
0.7219,Sales Analysis II
0.7218,Strobogrammatic Number II
0.7213,Out of Boundary Paths
0.7206,Valid Sudoku
0.7173,DI String Match
0.7172,Greatest Common Divisor of Strings
0.7162,Average Salary: Departments VS Company
0.7147,Maximum Product of Three Numbers
0.7121,Numbers With Same Consecutive Differences
0.7118,Add One Row to Tree
0.7107,K-th Symbol in Grammar
0.7106,Create Maximum Number
0.7106,Confusing Number II
0.7104,My Calendar III
0.7093,Verifying an Alien Dictionary
0.708,Implement Rand10() Using Rand7()
0.7078,Split Array with Equal Sum
0.7062,Design Snake Game
0.7058,Encode and Decode Strings
0.7054,Numbers With Repeated Digits
0.7053,Nth Magical Number
0.7023,Find Mode in Binary Search Tree
0.7005,Ransom Note
0.7003,Number of Atoms
0.6972,Minimum Index Sum of Two Lists
0.6971,Rotate Array
0.6959,N-Queens II
0.6942,Two Sum II - Input array is sorted
0.6926,Shortest Word Distance II
0.6922,Restore IP Addresses
0.6909,Sum of Root To Leaf Binary Numbers
0.6903,Split Array into Consecutive Subsequences
0.6902,Least Operators to Express Number
0.6901,Special Binary String
0.6898,Repeated DNA Sequences
0.6897,Flatten Nested List Iterator
0.688,Divide Array Into Increasing Sequences
0.6856,Fixed Point
0.6854,Largest 1-Bordered Square
0.6826,Rising Temperature
0.6795,User Purchase Platform
0.6795,New Users Daily Count
0.6795,Find the Difference
0.6774,Friend Requests II: Who Has the Most Friends
0.6769,RLE Iterator
0.6758,Multiply Strings
0.675,Longest Turbulent Subarray
0.6741,Find Median Given Frequency of Numbers
0.6739,Search in Rotated Sorted Array II
0.6738,Design Compressed String Iterator
0.6735,Random Flip Matrix
0.673,Three Equal Parts
0.6725,Print Zero Even Odd
0.6713,High Five
0.6667,Sparse Matrix Multiplication
0.666,Find Right Interval
0.6653,Preimage Size of Factorial Zeroes Function
0.6637,Candy Crush
0.662,Exam Room
0.6617,Grid Illumination
0.6602,Power of Four
0.6523,Kth Largest Element in a Stream
0.6491,Project Employees II
0.6476,Word Ladder
0.6475,Sum of Even Numbers After Queries
0.6452,Find Anagram Mappings
0.6441,Shortest Word Distance III
0.6439,Design Log Storage System
0.643,Reordered Power of 2
0.642,Surrounded Regions
0.6395,Flip Binary Tree To Match Preorder Traversal
0.6385,Domino and Tromino Tiling
0.6384,Sentence Screen Fitting
0.6369,Second Highest Salary
0.6357,New 21 Game
0.6357,Flatten 2D Vector
0.6351,Longest Word in Dictionary through Deleting
0.6324,Can Place Flowers
0.632,Minimum Depth of Binary Tree
0.6297,Self Dividing Numbers
0.6274,Set Mismatch
0.6272,Wiggle Sort II
0.6184,Super Washing Machines
0.6176,Car Fleet
0.6151,Global and Local Inversions
0.6126,Word Frequency
0.6121,Find Customer Referee
0.6109,Cut Off Trees for Golf Event
0.6046,First Bad Version
0.6041,Coin Path
0.6039,Buddy Strings
0.6027,Adding Two Negabinary Numbers
0.6023,Number of Equivalent Domino Pairs
0.6002,Sum of Subsequence Widths
0.5999,Fibonacci Number
0.5997,Matrix Cells in Distance Order
0.5995,Diagonal Traverse
0.5983,Alphabet Board Path
0.5965,Evaluate Reverse Polish Notation
0.5936,N-Repeated Element in Size 2N Array
0.5933,Reverse String
0.5926,Detect Capital
0.5913,Bold Words in String
0.591,Median Employee Salary
0.5896,Reconstruct Itinerary
0.5869,Smallest Range II
0.5864,Sales Analysis I
0.5824,Word Abbreviation
0.5784,Project Employees I
0.5758,Sum of Square Numbers
0.5724,Employee Bonus
0.5717,Peeking Iterator
0.5707,Game Play Analysis IV
0.5682,Escape a Large Maze
0.5638,Valid Word Square
0.5618,Valid Word Square
0.5599,Swap Salary
0.5584,Binary Prefix Divisible By 5
0.5563,Online Election
0.5508,Prefix and Suffix Search
0.5496,Remove Duplicates from Sorted Array II
0.5477,Robot Return to Origin
0.5474,Battleships in a Board
0.5451,Trips and Users
0.5438,Robot Bounded In Circle
0.5396,Dota2 Senate
0.5381,Base 7
0.5365,Nth Highest Salary
0.5278,Reach a Number
0.5271,Palindrome Number
0.5265,Number of 1 Bits
0.5252,Minimize Malware Spread
0.524,Max Consecutive Ones
0.5198,Duplicate Zeros
0.5189,Count The Repetitions
0.5183,Minimum Factorization
0.5179,Unique Morse Code Words
0.5154,Investments in 2016
0.5142,Degree of an Array
0.5134,Parse Lisp Expression
0.5111,Brace Expansion II
0.51,Longest Common Prefix
0.5097,Two Sum III - Data structure design
0.5086,Shopping Offers
0.5034,Path In Zigzag Labelled Binary Tree
0.5011,Tenth Line
0.5,Article Views I
0.495,Elimination Game
0.4946,Bag of Tokens
0.4941,Swap Adjacent in LR String
0.4933,Actors and Directors Who Cooperated At Least Three Times
0.4931,Longest Duplicate Substring
0.4926,Strobogrammatic Number III
0.4875,Exchange Seats
0.4865,Repeated String Match
0.4857,Game Play Analysis V
0.4848,Reachable Nodes In Subdivided Graph
0.4842,Summary Ranges
0.4823,Contains Duplicate III
0.4794,Minesweeper
0.4792,Camelcase Matching
0.4761,Clone Graph
0.4753,Bulls and Cows
0.4744,Increasing Order Search Tree
0.4738,Zuma Game
0.4729,Employee Importance
0.4721,Heaters
0.4708,K Empty Slots
0.4658,Transpose Matrix
0.4645,Unpopular Books
0.4612,Guess the Word
0.4582,Minimum Domino Rotations For Equal Row
0.4574,Minimum Unique Word Abbreviation
0.4555,Decode Ways
0.4537,Insertion Sort List
0.4533,Sort an Array
0.4526,Integer Replacement
0.4524,Erect the Fence
0.4497,Best Time to Buy and Sell Stock II
0.4464,Index Pairs of a String
0.4459,Android Unlock Patterns
0.4455,Loud and Rich
0.4443,Cracking the Safe
0.4441,Loud and Rich
0.4427,Design Excel Sum Formula
0.4425,Transform to Chessboard
0.4344,Contains Duplicate II
0.4339,Number of Distinct Islands II
0.4335,Not Boring Movies
0.4316,Contains Duplicate
0.4314,Find the Derangement of An Array
0.4303,Implement Stack using Queues
0.4295,Pancake Sorting
0.4277,Path Sum IV
0.4275,Rotate List
0.4268,Longest Word in Dictionary
0.4263,Longest Word in Dictionary
0.4258,Keyboard Row
0.4254,Delete Duplicate Emails
0.423,Design Linked List
0.4218,Insert into a Cyclic Sorted List
0.4206,Maximum of Absolute Value Expression
0.4184,Moving Stones Until Consecutive II
0.4164,Continuous Subarray Sum
0.4145,Surface Area of 3D Shapes
0.4134,Orderly Queue
0.4128,Missing Number
0.4126,Biggest Single Number
0.4117,Flower Planting With No Adjacent
0.4083,Random Point in Non-overlapping Rectangles
0.408,Decode Ways II
0.4079,Convert to Base -2
0.4076,Rabbits in Forest
0.4064,Construct String from Binary Tree
0.4005,Guess Number Higher or Lower II
0.3985,Implement strStr()
0.3954,Factorial Trailing Zeroes
0.395,Image Overlap
0.395,Find Cumulative Salary of an Employee
0.3932,Find And Replace in String
0.3932,Big Countries
0.3919,Pyramid Transition Matrix
0.3894,Additive Number
0.3887,Fizz Buzz
0.3884,Reverse Integer
0.3874,Beautiful Array
0.3863,Remove Outermost Parentheses
0.3855,Find Peak Element
0.3832,Second Minimum Node In a Binary Tree
0.3792,Consecutive Numbers Sum
0.3779,Fruit Into Baskets
0.3774,Occurrences After Bigram
0.3771,Find Smallest Letter Greater Than Target
0.3748,Number of Boomerangs
0.3747,Minimum Moves to Equal Array Elements
0.3738,Triples with Bitwise AND Equal To Zero
0.3737,Subdomain Visit Count
0.3732,Lowest Common Ancestor of Deepest Leaves
0.3731,Design Phone Directory
0.3725,Range Sum Query - Immutable
0.3709,Next Greater Element I
0.3706,Prime Number of Set Bits in Binary Representation
0.3679,Find Duplicate File in System
0.3675,Next Closest Time
0.3667,Substring with Concatenation of All Words
0.366,Scramble String
0.3626,Exclusive Time of Functions
0.3624,Generate Random Point in a Circle
0.3623,Add Digits
0.3608,Sentence Similarity
0.3608,Construct the Rectangle
0.3605,Remove 9
0.3602,String Without AAA or BBB
0.3591,Friend Requests I: Overall Acceptance Rate
0.3577,Binary Watch
0.3549,Sqrt(x)
0.3549,Mirror Reflection
0.3539,License Key Formatting
0.3538,Random Pick Index
0.3532,H-Index
0.3511,Plus One
0.3491,Spiral Matrix III
0.3488,Check If Word Is Valid After Substitutions
0.3475,Stone Game
0.3434,Sum of Two Integers
0.3413,H-Index II
0.3364,Ugly Number
0.3363,Third Maximum Number
0.3333,Reported Posts II
0.3315,Random Pick with Weight
0.3308,Reverse Vowels of a String
0.3304,Pour Water
0.3295,Intersection of Two Arrays
0.3281,Boundary of Binary Tree
0.3244,Roman to Integer
0.3231,Prison Cells After N Days
0.323,Day of the Year
0.3205,Minimum Area Rectangle II
0.3126,Remove Element
0.3123,Rectangle Area
0.3123,Longest Absolute File Path
0.3119,Fraction Addition and Subtraction
0.3117,Remove Duplicates from Sorted Array
0.3117,Confusing Number
0.3106,Largest Number At Least Twice of Others
0.3106,Decrease Elements To Make Array Zigzag
0.3104,Escape The Ghosts
0.31,Relative Ranks
0.307,Vowel Spellchecker
0.3069,Encode and Decode TinyURL
0.3056,Valid Square
0.3055,Product Sales Analysis II
0.3044,Teemo Attacking
0.3018,Remove Vowels from a String
0.3016,Fraction to Recurring Decimal
0.2994,Vertical Order Traversal of a Binary Tree
0.2993,Distribute Candies
0.2986,Human Traffic of Stadium
0.2983,Construct Quad Tree
0.2964,Friends Of Appropriate Ages
0.2954,Ambiguous Coordinates
0.2949,Clumsy Factorial
0.2947,K-diff Pairs in an Array
0.2931,Bulb Switcher
0.2926,Peak Index in a Mountain Array
0.2906,Arranging Coins
0.2898,Shuffle an Array
0.2894,Binary Tree Tilt
0.2884,Beautiful Arrangement II
0.2864,Merge Sorted Array
0.285,Powerful Integers
0.2835,Poor Pigs
0.2817,"Pow(x, n)"
0.2806,Range Addition II
0.2793,Most Common Word
0.2791,Solve the Equation
0.2764,Market Analysis I
0.2746,Baseball Game
0.2742,Strobogrammatic Number
0.2739,Print Binary Tree
0.2737,Minimize Rounding Error to Meet Target
0.271,Count Numbers with Unique Digits
0.2695,Linked List Components
0.2682,1-bit and 2-bit Characters
0.2658,Read N Characters Given Read4 II - Call multiple times
0.2652,Valid Phone Numbers
0.263,Line Reflection
0.2626,User Activity for the Past 30 Days II
0.2622,Number of Digit One
0.2618,Binary Gap
0.2609,Max Points on a Line
0.2577,Simplify Path
0.2565,Available Captures for Rook
0.2547,Goat Latin
0.2544,Integer to English Words
0.2531,Text Justification
0.2517,Coloring A Border
0.2461,Valid Palindrome
0.2447,Maximum Binary Tree II
0.2429,Super Palindromes
0.2428,Perfect Number
0.2417,Gray Code
0.2405,Students Report By Geography
0.2401,ZigZag Conversion
0.2401,Classes More Than 5 Students
0.2389,Reorder Log Files
0.2389,Divisor Game
0.2387,Array Partition I
0.2375,Nim Game
0.2366,Smallest Good Base
0.2351,Integer to Roman
0.2328,Convex Polygon
0.2327,Reverse String II
0.2326,Prime Palindrome
0.2324,Largest Time for Given Digits
0.2313,Transpose File
0.2313,Previous Permutation With One Swap
0.2307,Water and Jug Problem
0.2296,String Compression
0.2279,Snakes and Ladders
0.2278,Expressive Words
0.2195,Nth Digit
0.217,Product Sales Analysis III
0.2168,Self Crossing
0.2161,Valid Tic-Tac-Toe State
0.2157,Sequence Reconstruction
0.2156,Remove Comments
0.2154,Binary Tree Upside Down
0.214,Rotated Digits
0.2139,Smallest Integer Divisible by K
0.2133,Largest Values From Labels
0.2124,Flip Game
0.2123,To Lower Case
0.2113,Market Analysis II
0.2104,Complex Number Multiplication
0.2082,Projection Area of 3D Shapes
0.208,Power of Three
0.2077,Mini Parser
0.2061,Compare Version Numbers
0.2038,Valid Boomerang
0.2026,Reconstruct Original Digits from English
0.2016,Reverse Words in a String
0.2009,Shortest Completing Word
0.2003,Chalkboard XOR Game
0.2,Equal Rational Numbers
0.1987,Contain Virus
0.1978,Soup Servings
0.1896,Number of Segments in a String
0.1896,Binary String With Substrings Representing 1 To N
0.1879,Student Attendance Record I
0.1874,Find the Closest Palindrome
0.1849,Number of Lines To Write String
0.1832,Length of Last Word
0.1823,Defanging an IP Address
0.1812,Strong Password Checker
0.1809,Super Pow
0.1791,Insufficient Nodes in Root to Leaf Paths
0.1711,Longest Uncommon Subsequence II
0.1699,Image Smoother
0.168,Valid Word Abbreviation
0.1674,Delete Node in a Linked List
0.1672,Masking Personal Information
0.1661,Divide Two Integers
0.1656,Reported Posts
0.1596,UTF-8 Validation
0.1593,Groups of Special-Equivalent Strings
0.158,Guess Number Higher or Lower
0.1529,Split Concatenated Strings
0.1524,Quad Tree Intersection
0.1518,Maximum Nesting Depth of Two Valid Parentheses Strings
0.1501,Number of Recent Calls
0.1469,Tag Validator
0.1454,Sum of Digits in the Minimum Number
0.1416,Circular Array Loop
0.1401,Missing Ranges
0.1394,Statistics from a Large Sample
0.1368,Smallest Range I
0.1337,Validate IP Address
0.1337,String to Integer (atoi)
0.1281,Walking Robot Simulation
0.1236,Largest Triangle Area
0.1153,Magical String
0.1148,Valid Number
0.113,Card Flipping Game
0.1111,Similar RGB Color
0.1108,Count and Say
0.1088,Optimal Division
0.1084,Bulb Switcher II
0.1043,IP to CIDR
0.1017,Height Checker
0.096,Number of Days in a Month
0.0948,Magic Squares In Grid
0.0943,Read N Characters Given Read4
0.0915,Winning Candidate
0.0866,Basic Calculator IV
0.0863,Moving Stones Until Consecutive
0.0747,Second Degree Follower
0.0744,Second Degree Follower
0.0684,Get Highest Answer Rate Question
0.064,Unique Word Abbreviation
0.0638,Lonely Pixel II
0.0604,Analyze User Website Visit Pattern
0.0551,Longest Uncommon Subsequence I 
0.0497,Largest Palindrome Product
0.0495,Delete Columns to Make Sorted
